﻿Day,Description,Project of the Day,Created Date Time,End Date,status,Project_link
Day_1,"Printing, Commenting, Debugging, String Manipulation and Variables",band-name-generator,"September 2, 2021 5:38 PM","September 2, 2021",Done,https://replit.com/@rubixcoder/band-name-generator-start?v=1
Day_2,"Data Types, Numbers, Operators, Type conversion, f-strings","tip calculator ","September 2, 2021 5:38 PM","September 2, 2021",Done,https://replit.com/@rubixcoder/tip-calculator-start?v=1
Day_3,"Conditional Statements, Logical Operators, Code Blocks and Scope","treasure island game ","September 2, 2021 5:38 PM","September 4, 2021",Done,https://replit.com/@rubixcoder/mytreasuregame?v=1
Day_4,Randomisation and Python Lists,"Rock Paper and Scissors ","September 4, 2021 9:59 PM","September 4, 2021",Done,https://replit.com/@rubixcoder/rock-paper-scissors-start?v=1
Day_5,"For Loops, Range and Code Blocks","Password Generator ","September 5, 2021 12:34 AM","September 5, 2021",Done,https://replit.com/@rubixcoder/password-generator-start?v=1
Day_6,"Functions, Code Blocks and While Loops","Escaping the Maze ","September 5, 2021 1:20 PM","September 5, 2021",Done,
Day_7,Hangman project,Improving the UX,"September 5, 2021 11:39 PM","September 6, 2021",Done,https://replit.com/@rubixcoder/Day-7-Hangman-5-Start?v=1
Day_8,"Function Parameters ",Caesar Cipher,"September 6, 2021 8:03 PM","September 6, 2021",Done,https://replit.com/@rubixcoder/caesar-cipher-4-end?v-1
Day_9,"Dictionaries, Nesting ",Secret Auction,"September 7, 2021 4:00 PM","September 7, 2021",Done,https://replit.com/@rubixcoder/blind-auction-start?v-1
Day_10,Functions with Outputs,Calculator App,"September 7, 2021 6:04 PM","September 7, 2021",Done,https://replit.com/@rubixcoder/calculator-start?v-1
Day_11,,Blackjack capstone Project,"September 7, 2021 10:47 PM","September 8, 2021",Done,https://replit.com/@rubixcoder/blackjack-final?v-1
Day_12,Namespaces: Local vs. Global Scope,Number Guessing Game,"September 8, 2021 11:56 PM","September 9, 2021",Done,https://replit.com/@rubixcoder/guess-the-number-start?v=1
Day_13,Debugging : How to find and fix errors in the code,,"September 9, 2021 7:53 PM","September 9, 2021",Done,
Day_14,Higher Lower Game Project,,"September 9, 2021 7:56 PM","September 9, 2021",Done,https://replit.com/@rubixcoder/higher-lower-start?v=1
Day_15,Intermediate - Local Development Environment Setup & the Coffee Machine,Coffee Machine,"September 10, 2021 12:40 AM","September 10, 2021",Done,https://github.com/rubix-coder/python-basic-to-professional/tree/main/Udemy_100_days_of_python/projects/Coffee%20Machine
Day_16,Object Oriented Programming,Coffee Machine in OOP,"September 10, 2021 11:26 PM",,ongoing,